Class,Age,Sex,Survived
First Class,Adult,Male,Survived
First Class,Adult,Male,Survived
First Class,Adult,Male,Survived
First Class,Adult,Male,Survived
First Class,Adult,Male,Survived
First Class,Adult,Male,Survived
First Class,Adult,Male,Survived
First Class,Adult,Male,Survived
First Class,Adult,Male,Survived
First Class,Adult,Male,Survived
First Class,Adult,Male,Survived
First Class,Adult,Male,Survived
First Class,Adult,Male,Survived
First Class,Adult,Male,Survived
First Class,Adult,Male,Survived
First Class,Adult,Male,Survived
First Class,Adult,Male,Survived
First Class,Adult,Male,Survived
First Class,Adult,Male,Survived
First Class,Adult,Male,Survived
First Class,Adult,Male,Survived
First Class,Adult,Male,Survived
First Class,Adult,Male,Survived
First Class,Adult,Male,Survived
First Class,Adult,Male,Survived
First Class,Adult,Male,Survived
First Class,Adult,Male,Survived
First Class,Adult,Male,Survived
First Class,Adult,Male,Survived
First Class,Adult,Male,Survived
First Class,Adult,Male,Survived
First Class,Adult,Male,Survived
First Class,Adult,Male,Survived
First Class,Adult,Male,Survived
First Class,Adult,Male,Survived
First Class,Adult,Male,Survived
First Class,Adult,Male,Survived
First Class,Adult,Male,Survived
First Class,Adult,Male,Survived
First Class,Adult,Male,Survived
First Class,Adult,Male,Survived
First Class,Adult,Male,Survived
First Class,Adult,Male,Survived
First Class,Adult,Male,Survived
First Class,Adult,Male,Survived
First Class,Adult,Male,Survived
First Class,Adult,Male,Survived
First Class,Adult,Male,Survived
First Class,Adult,Male,Survived
First Class,Adult,Male,Survived
First Class,Adult,Male,Survived
First Class,Adult,Male,Survived
First Class,Adult,Male,Survived
First Class,Adult,Male,Survived
First Class,Adult,Male,Survived
First Class,Adult,Male,Survived
First Class,Adult,Male,Survived
First Class,Adult,Male,Perished
First Class,Adult,Male,Perished
First Class,Adult,Male,Perished
First Class,Adult,Male,Perished
First Class,Adult,Male,Perished
First Class,Adult,Male,Perished
First Class,Adult,Male,Perished
First Class,Adult,Male,Perished
First Class,Adult,Male,Perished
First Class,Adult,Male,Perished
First Class,Adult,Male,Perished
First Class,Adult,Male,Perished
First Class,Adult,Male,Perished
First Class,Adult,Male,Perished
First Class,Adult,Male,Perished
First Class,Adult,Male,Perished
First Class,Adult,Male,Perished
First Class,Adult,Male,Perished
First Class,Adult,Male,Perished
First Class,Adult,Male,Perished
First Class,Adult,Male,Perished
First Class,Adult,Male,Perished
First Class,Adult,Male,Perished
First Class,Adult,Male,Perished
First Class,Adult,Male,Perished
First Class,Adult,Male,Perished
First Class,Adult,Male,Perished
First Class,Adult,Male,Perished
First Class,Adult,Male,Perished
First Class,Adult,Male,Perished
First Class,Adult,Male,Perished
First Class,Adult,Male,Perished
First Class,Adult,Male,Perished
First Class,Adult,Male,Perished
First Class,Adult,Male,Perished
First Class,Adult,Male,Perished
First Class,Adult,Male,Perished
First Class,Adult,Male,Perished
First Class,Adult,Male,Perished
First Class,Adult,Male,Perished
First Class,Adult,Male,Perished
First Class,Adult,Male,Perished
First Class,Adult,Male,Perished
First Class,Adult,Male,Perished
First Class,Adult,Male,Perished
First Class,Adult,Male,Perished
First Class,Adult,Male,Perished
First Class,Adult,Male,Perished
First Class,Adult,Male,Perished
First Class,Adult,Male,Perished
First Class,Adult,Male,Perished
First Class,Adult,Male,Perished
First Class,Adult,Male,Perished
First Class,Adult,Male,Perished
First Class,Adult,Male,Perished
First Class,Adult,Male,Perished
First Class,Adult,Male,Perished
First Class,Adult,Male,Perished
First Class,Adult,Male,Perished
First Class,Adult,Male,Perished
First Class,Adult,Male,Perished
First Class,Adult,Male,Perished
First Class,Adult,Male,Perished
First Class,Adult,Male,Perished
First Class,Adult,Male,Perished
First Class,Adult,Male,Perished
First Class,Adult,Male,Perished
First Class,Adult,Male,Perished
First Class,Adult,Male,Perished
First Class,Adult,Male,Perished
First Class,Adult,Male,Perished
First Class,Adult,Male,Perished
First Class,Adult,Male,Perished
First Class,Adult,Male,Perished
First Class,Adult,Male,Perished
First Class,Adult,Male,Perished
First Class,Adult,Male,Perished
First Class,Adult,Male,Perished
First Class,Adult,Male,Perished
First Class,Adult,Male,Perished
First Class,Adult,Male,Perished
First Class,Adult,Male,Perished
First Class,Adult,Male,Perished
First Class,Adult,Male,Perished
First Class,Adult,Male,Perished
First Class,Adult,Male,Perished
First Class,Adult,Male,Perished
First Class,Adult,Male,Perished
First Class,Adult,Male,Perished
First Class,Adult,Male,Perished
First Class,Adult,Male,Perished
First Class,Adult,Male,Perished
First Class,Adult,Male,Perished
First Class,Adult,Male,Perished
First Class,Adult,Male,Perished
First Class,Adult,Male,Perished
First Class,Adult,Male,Perished
First Class,Adult,Male,Perished
First Class,Adult,Male,Perished
First Class,Adult,Male,Perished
First Class,Adult,Male,Perished
First Class,Adult,Male,Perished
First Class,Adult,Male,Perished
First Class,Adult,Male,Perished
First Class,Adult,Male,Perished
First Class,Adult,Male,Perished
First Class,Adult,Male,Perished
First Class,Adult,Male,Perished
First Class,Adult,Male,Perished
First Class,Adult,Male,Perished
First Class,Adult,Male,Perished
First Class,Adult,Male,Perished
First Class,Adult,Male,Perished
First Class,Adult,Male,Perished
First Class,Adult,Male,Perished
First Class,Adult,Male,Perished
First Class,Adult,Male,Perished
First Class,Adult,Male,Perished
First Class,Adult,Female,Survived
First Class,Adult,Female,Survived
First Class,Adult,Female,Survived
First Class,Adult,Female,Survived
First Class,Adult,Female,Survived
First Class,Adult,Female,Survived
First Class,Adult,Female,Survived
First Class,Adult,Female,Survived
First Class,Adult,Female,Survived
First Class,Adult,Female,Survived
First Class,Adult,Female,Survived
First Class,Adult,Female,Survived
First Class,Adult,Female,Survived
First Class,Adult,Female,Survived
First Class,Adult,Female,Survived
First Class,Adult,Female,Survived
First Class,Adult,Female,Survived
First Class,Adult,Female,Survived
First Class,Adult,Female,Survived
First Class,Adult,Female,Survived
First Class,Adult,Female,Survived
First Class,Adult,Female,Survived
First Class,Adult,Female,Survived
First Class,Adult,Female,Survived
First Class,Adult,Female,Survived
First Class,Adult,Female,Survived
First Class,Adult,Female,Survived
First Class,Adult,Female,Survived
First Class,Adult,Female,Survived
First Class,Adult,Female,Survived
First Class,Adult,Female,Survived
First Class,Adult,Female,Survived
First Class,Adult,Female,Survived
First Class,Adult,Female,Survived
First Class,Adult,Female,Survived
First Class,Adult,Female,Survived
First Class,Adult,Female,Survived
First Class,Adult,Female,Survived
First Class,Adult,Female,Survived
First Class,Adult,Female,Survived
First Class,Adult,Female,Survived
First Class,Adult,Female,Survived
First Class,Adult,Female,Survived
First Class,Adult,Female,Survived
First Class,Adult,Female,Survived
First Class,Adult,Female,Survived
First Class,Adult,Female,Survived
First Class,Adult,Female,Survived
First Class,Adult,Female,Survived
First Class,Adult,Female,Survived
First Class,Adult,Female,Survived
First Class,Adult,Female,Survived
First Class,Adult,Female,Survived
First Class,Adult,Female,Survived
First Class,Adult,Female,Survived
First Class,Adult,Female,Survived
First Class,Adult,Female,Survived
First Class,Adult,Female,Survived
First Class,Adult,Female,Survived
First Class,Adult,Female,Survived
First Class,Adult,Female,Survived
First Class,Adult,Female,Survived
First Class,Adult,Female,Survived
First Class,Adult,Female,Survived
First Class,Adult,Female,Survived
First Class,Adult,Female,Survived
First Class,Adult,Female,Survived
First Class,Adult,Female,Survived
First Class,Adult,Female,Survived
First Class,Adult,Female,Survived
First Class,Adult,Female,Survived
First Class,Adult,Female,Survived
First Class,Adult,Female,Survived
First Class,Adult,Female,Survived
First Class,Adult,Female,Survived
First Class,Adult,Female,Survived
First Class,Adult,Female,Survived
First Class,Adult,Female,Survived
First Class,Adult,Female,Survived
First Class,Adult,Female,Survived
First Class,Adult,Female,Survived
First Class,Adult,Female,Survived
First Class,Adult,Female,Survived
First Class,Adult,Female,Survived
First Class,Adult,Female,Survived
First Class,Adult,Female,Survived
First Class,Adult,Female,Survived
First Class,Adult,Female,Survived
First Class,Adult,Female,Survived
First Class,Adult,Female,Survived
First Class,Adult,Female,Survived
First Class,Adult,Female,Survived
First Class,Adult,Female,Survived
First Class,Adult,Female,Survived
First Class,Adult,Female,Survived
First Class,Adult,Female,Survived
First Class,Adult,Female,Survived
First Class,Adult,Female,Survived
First Class,Adult,Female,Survived
First Class,Adult,Female,Survived
First Class,Adult,Female,Survived
First Class,Adult,Female,Survived
First Class,Adult,Female,Survived
First Class,Adult,Female,Survived
First Class,Adult,Female,Survived
First Class,Adult,Female,Survived
First Class,Adult,Female,Survived
First Class,Adult,Female,Survived
First Class,Adult,Female,Survived
First Class,Adult,Female,Survived
First Class,Adult,Female,Survived
First Class,Adult,Female,Survived
First Class,Adult,Female,Survived
First Class,Adult,Female,Survived
First Class,Adult,Female,Survived
First Class,Adult,Female,Survived
First Class,Adult,Female,Survived
First Class,Adult,Female,Survived
First Class,Adult,Female,Survived
First Class,Adult,Female,Survived
First Class,Adult,Female,Survived
First Class,Adult,Female,Survived
First Class,Adult,Female,Survived
First Class,Adult,Female,Survived
First Class,Adult,Female,Survived
First Class,Adult,Female,Survived
First Class,Adult,Female,Survived
First Class,Adult,Female,Survived
First Class,Adult,Female,Survived
First Class,Adult,Female,Survived
First Class,Adult,Female,Survived
First Class,Adult,Female,Survived
First Class,Adult,Female,Survived
First Class,Adult,Female,Survived
First Class,Adult,Female,Survived
First Class,Adult,Female,Survived
First Class,Adult,Female,Survived
First Class,Adult,Female,Survived
First Class,Adult,Female,Survived
First Class,Adult,Female,Survived
First Class,Adult,Female,Perished
First Class,Adult,Female,Perished
First Class,Adult,Female,Perished
First Class,Adult,Female,Perished
First Class,Child,Male,Survived
First Class,Child,Male,Survived
First Class,Child,Male,Survived
First Class,Child,Male,Survived
First Class,Child,Male,Survived
First Class,Child,Female,Survived
Second Class,Adult,Male,Survived
Second Class,Adult,Male,Survived
Second Class,Adult,Male,Survived
Second Class,Adult,Male,Survived
Second Class,Adult,Male,Survived
Second Class,Adult,Male,Survived
Second Class,Adult,Male,Survived
Second Class,Adult,Male,Survived
Second Class,Adult,Male,Survived
Second Class,Adult,Male,Survived
Second Class,Adult,Male,Survived
Second Class,Adult,Male,Survived
Second Class,Adult,Male,Survived
Second Class,Adult,Male,Survived
Second Class,Adult,Male,Perished
Second Class,Adult,Male,Perished
Second Class,Adult,Male,Perished
Second Class,Adult,Male,Perished
Second Class,Adult,Male,Perished
Second Class,Adult,Male,Perished
Second Class,Adult,Male,Perished
Second Class,Adult,Male,Perished
Second Class,Adult,Male,Perished
Second Class,Adult,Male,Perished
Second Class,Adult,Male,Perished
Second Class,Adult,Male,Perished
Second Class,Adult,Male,Perished
Second Class,Adult,Male,Perished
Second Class,Adult,Male,Perished
Second Class,Adult,Male,Perished
Second Class,Adult,Male,Perished
Second Class,Adult,Male,Perished
Second Class,Adult,Male,Perished
Second Class,Adult,Male,Perished
Second Class,Adult,Male,Perished
Second Class,Adult,Male,Perished
Second Class,Adult,Male,Perished
Second Class,Adult,Male,Perished
Second Class,Adult,Male,Perished
Second Class,Adult,Male,Perished
Second Class,Adult,Male,Perished
Second Class,Adult,Male,Perished
Second Class,Adult,Male,Perished
Second Class,Adult,Male,Perished
Second Class,Adult,Male,Perished
Second Class,Adult,Male,Perished
Second Class,Adult,Male,Perished
Second Class,Adult,Male,Perished
Second Class,Adult,Male,Perished
Second Class,Adult,Male,Perished
Second Class,Adult,Male,Perished
Second Class,Adult,Male,Perished
Second Class,Adult,Male,Perished
Second Class,Adult,Male,Perished
Second Class,Adult,Male,Perished
Second Class,Adult,Male,Perished
Second Class,Adult,Male,Perished
Second Class,Adult,Male,Perished
Second Class,Adult,Male,Perished
Second Class,Adult,Male,Perished
Second Class,Adult,Male,Perished
Second Class,Adult,Male,Perished
Second Class,Adult,Male,Perished
Second Class,Adult,Male,Perished
Second Class,Adult,Male,Perished
Second Class,Adult,Male,Perished
Second Class,Adult,Male,Perished
Second Class,Adult,Male,Perished
Second Class,Adult,Male,Perished
Second Class,Adult,Male,Perished
Second Class,Adult,Male,Perished
Second Class,Adult,Male,Perished
Second Class,Adult,Male,Perished
Second Class,Adult,Male,Perished
Second Class,Adult,Male,Perished
Second Class,Adult,Male,Perished
Second Class,Adult,Male,Perished
Second Class,Adult,Male,Perished
Second Class,Adult,Male,Perished
Second Class,Adult,Male,Perished
Second Class,Adult,Male,Perished
Second Class,Adult,Male,Perished
Second Class,Adult,Male,Perished
Second Class,Adult,Male,Perished
Second Class,Adult,Male,Perished
Second Class,Adult,Male,Perished
Second Class,Adult,Male,Perished
Second Class,Adult,Male,Perished
Second Class,Adult,Male,Perished
Second Class,Adult,Male,Perished
Second Class,Adult,Male,Perished
Second Class,Adult,Male,Perished
Second Class,Adult,Male,Perished
Second Class,Adult,Male,Perished
Second Class,Adult,Male,Perished
Second Class,Adult,Male,Perished
Second Class,Adult,Male,Perished
Second Class,Adult,Male,Perished
Second Class,Adult,Male,Perished
Second Class,Adult,Male,Perished
Second Class,Adult,Male,Perished
Second Class,Adult,Male,Perished
Second Class,Adult,Male,Perished
Second Class,Adult,Male,Perished
Second Class,Adult,Male,Perished
Second Class,Adult,Male,Perished
Second Class,Adult,Male,Perished
Second Class,Adult,Male,Perished
Second Class,Adult,Male,Perished
Second Class,Adult,Male,Perished
Second Class,Adult,Male,Perished
Second Class,Adult,Male,Perished
Second Class,Adult,Male,Perished
Second Class,Adult,Male,Perished
Second Class,Adult,Male,Perished
Second Class,Adult,Male,Perished
Second Class,Adult,Male,Perished
Second Class,Adult,Male,Perished
Second Class,Adult,Male,Perished
Second Class,Adult,Male,Perished
Second Class,Adult,Male,Perished
Second Class,Adult,Male,Perished
Second Class,Adult,Male,Perished
Second Class,Adult,Male,Perished
Second Class,Adult,Male,Perished
Second Class,Adult,Male,Perished
Second Class,Adult,Male,Perished
Second Class,Adult,Male,Perished
Second Class,Adult,Male,Perished
Second Class,Adult,Male,Perished
Second Class,Adult,Male,Perished
Second Class,Adult,Male,Perished
Second Class,Adult,Male,Perished
Second Class,Adult,Male,Perished
Second Class,Adult,Male,Perished
Second Class,Adult,Male,Perished
Second Class,Adult,Male,Perished
Second Class,Adult,Male,Perished
Second Class,Adult,Male,Perished
Second Class,Adult,Male,Perished
Second Class,Adult,Male,Perished
Second Class,Adult,Male,Perished
Second Class,Adult,Male,Perished
Second Class,Adult,Male,Perished
Second Class,Adult,Male,Perished
Second Class,Adult,Male,Perished
Second Class,Adult,Male,Perished
Second Class,Adult,Male,Perished
Second Class,Adult,Male,Perished
Second Class,Adult,Male,Perished
Second Class,Adult,Male,Perished
Second Class,Adult,Male,Perished
Second Class,Adult,Male,Perished
Second Class,Adult,Male,Perished
Second Class,Adult,Male,Perished
Second Class,Adult,Male,Perished
Second Class,Adult,Male,Perished
Second Class,Adult,Male,Perished
Second Class,Adult,Male,Perished
Second Class,Adult,Male,Perished
Second Class,Adult,Male,Perished
Second Class,Adult,Male,Perished
Second Class,Adult,Male,Perished
Second Class,Adult,Male,Perished
Second Class,Adult,Male,Perished
Second Class,Adult,Male,Perished
Second Class,Adult,Male,Perished
Second Class,Adult,Male,Perished
Second Class,Adult,Female,Survived
Second Class,Adult,Female,Survived
Second Class,Adult,Female,Survived
Second Class,Adult,Female,Survived
Second Class,Adult,Female,Survived
Second Class,Adult,Female,Survived
Second Class,Adult,Female,Survived
Second Class,Adult,Female,Survived
Second Class,Adult,Female,Survived
Second Class,Adult,Female,Survived
Second Class,Adult,Female,Survived
Second Class,Adult,Female,Survived
Second Class,Adult,Female,Survived
Second Class,Adult,Female,Survived
Second Class,Adult,Female,Survived
Second Class,Adult,Female,Survived
Second Class,Adult,Female,Survived
Second Class,Adult,Female,Survived
Second Class,Adult,Female,Survived
Second Class,Adult,Female,Survived
Second Class,Adult,Female,Survived
Second Class,Adult,Female,Survived
Second Class,Adult,Female,Survived
Second Class,Adult,Female,Survived
Second Class,Adult,Female,Survived
Second Class,Adult,Female,Survived
Second Class,Adult,Female,Survived
Second Class,Adult,Female,Survived
Second Class,Adult,Female,Survived
Second Class,Adult,Female,Survived
Second Class,Adult,Female,Survived
Second Class,Adult,Female,Survived
Second Class,Adult,Female,Survived
Second Class,Adult,Female,Survived
Second Class,Adult,Female,Survived
Second Class,Adult,Female,Survived
Second Class,Adult,Female,Survived
Second Class,Adult,Female,Survived
Second Class,Adult,Female,Survived
Second Class,Adult,Female,Survived
Second Class,Adult,Female,Survived
Second Class,Adult,Female,Survived
Second Class,Adult,Female,Survived
Second Class,Adult,Female,Survived
Second Class,Adult,Female,Survived
Second Class,Adult,Female,Survived
Second Class,Adult,Female,Survived
Second Class,Adult,Female,Survived
Second Class,Adult,Female,Survived
Second Class,Adult,Female,Survived
Second Class,Adult,Female,Survived
Second Class,Adult,Female,Survived
Second Class,Adult,Female,Survived
Second Class,Adult,Female,Survived
Second Class,Adult,Female,Survived
Second Class,Adult,Female,Survived
Second Class,Adult,Female,Survived
Second Class,Adult,Female,Survived
Second Class,Adult,Female,Survived
Second Class,Adult,Female,Survived
Second Class,Adult,Female,Survived
Second Class,Adult,Female,Survived
Second Class,Adult,Female,Survived
Second Class,Adult,Female,Survived
Second Class,Adult,Female,Survived
Second Class,Adult,Female,Survived
Second Class,Adult,Female,Survived
Second Class,Adult,Female,Survived
Second Class,Adult,Female,Survived
Second Class,Adult,Female,Survived
Second Class,Adult,Female,Survived
Second Class,Adult,Female,Survived
Second Class,Adult,Female,Survived
Second Class,Adult,Female,Survived
Second Class,Adult,Female,Survived
Second Class,Adult,Female,Survived
Second Class,Adult,Female,Survived
Second Class,Adult,Female,Survived
Second Class,Adult,Female,Survived
Second Class,Adult,Female,Survived
Second Class,Adult,Female,Perished
Second Class,Adult,Female,Perished
Second Class,Adult,Female,Perished
Second Class,Adult,Female,Perished
Second Class,Adult,Female,Perished
Second Class,Adult,Female,Perished
Second Class,Adult,Female,Perished
Second Class,Adult,Female,Perished
Second Class,Adult,Female,Perished
Second Class,Adult,Female,Perished
Second Class,Adult,Female,Perished
Second Class,Adult,Female,Perished
Second Class,Adult,Female,Perished
Second Class,Child,Male,Survived
Second Class,Child,Male,Survived
Second Class,Child,Male,Survived
Second Class,Child,Male,Survived
Second Class,Child,Male,Survived
Second Class,Child,Male,Survived
Second Class,Child,Male,Survived
Second Class,Child,Male,Survived
Second Class,Child,Male,Survived
Second Class,Child,Male,Survived
Second Class,Child,Male,Survived
Second Class,Child,Female,Survived
Second Class,Child,Female,Survived
Second Class,Child,Female,Survived
Second Class,Child,Female,Survived
Second Class,Child,Female,Survived
Second Class,Child,Female,Survived
Second Class,Child,Female,Survived
Second Class,Child,Female,Survived
Second Class,Child,Female,Survived
Second Class,Child,Female,Survived
Second Class,Child,Female,Survived
Second Class,Child,Female,Survived
Second Class,Child,Female,Survived
Third Class,Adult,Male,Survived
Third Class,Adult,Male,Survived
Third Class,Adult,Male,Survived
Third Class,Adult,Male,Survived
Third Class,Adult,Male,Survived
Third Class,Adult,Male,Survived
Third Class,Adult,Male,Survived
Third Class,Adult,Male,Survived
Third Class,Adult,Male,Survived
Third Class,Adult,Male,Survived
Third Class,Adult,Male,Survived
Third Class,Adult,Male,Survived
Third Class,Adult,Male,Survived
Third Class,Adult,Male,Survived
Third Class,Adult,Male,Survived
Third Class,Adult,Male,Survived
Third Class,Adult,Male,Survived
Third Class,Adult,Male,Survived
Third Class,Adult,Male,Survived
Third Class,Adult,Male,Survived
Third Class,Adult,Male,Survived
Third Class,Adult,Male,Survived
Third Class,Adult,Male,Survived
Third Class,Adult,Male,Survived
Third Class,Adult,Male,Survived
Third Class,Adult,Male,Survived
Third Class,Adult,Male,Survived
Third Class,Adult,Male,Survived
Third Class,Adult,Male,Survived
Third Class,Adult,Male,Survived
Third Class,Adult,Male,Survived
Third Class,Adult,Male,Survived
Third Class,Adult,Male,Survived
Third Class,Adult,Male,Survived
Third Class,Adult,Male,Survived
Third Class,Adult,Male,Survived
Third Class,Adult,Male,Survived
Third Class,Adult,Male,Survived
Third Class,Adult,Male,Survived
Third Class,Adult,Male,Survived
Third Class,Adult,Male,Survived
Third Class,Adult,Male,Survived
Third Class,Adult,Male,Survived
Third Class,Adult,Male,Survived
Third Class,Adult,Male,Survived
Third Class,Adult,Male,Survived
Third Class,Adult,Male,Survived
Third Class,Adult,Male,Survived
Third Class,Adult,Male,Survived
Third Class,Adult,Male,Survived
Third Class,Adult,Male,Survived
Third Class,Adult,Male,Survived
Third Class,Adult,Male,Survived
Third Class,Adult,Male,Survived
Third Class,Adult,Male,Survived
Third Class,Adult,Male,Survived
Third Class,Adult,Male,Survived
Third Class,Adult,Male,Survived
Third Class,Adult,Male,Survived
Third Class,Adult,Male,Survived
Third Class,Adult,Male,Survived
Third Class,Adult,Male,Survived
Third Class,Adult,Male,Survived
Third Class,Adult,Male,Survived
Third Class,Adult,Male,Survived
Third Class,Adult,Male,Survived
Third Class,Adult,Male,Survived
Third Class,Adult,Male,Survived
Third Class,Adult,Male,Survived
Third Class,Adult,Male,Survived
Third Class,Adult,Male,Survived
Third Class,Adult,Male,Survived
Third Class,Adult,Male,Survived
Third Class,Adult,Male,Survived
Third Class,Adult,Male,Survived
Third Class,Adult,Male,Perished
Third Class,Adult,Male,Perished
Third Class,Adult,Male,Perished
Third Class,Adult,Male,Perished
Third Class,Adult,Male,Perished
Third Class,Adult,Male,Perished
Third Class,Adult,Male,Perished
Third Class,Adult,Male,Perished
Third Class,Adult,Male,Perished
Third Class,Adult,Male,Perished
Third Class,Adult,Male,Perished
Third Class,Adult,Male,Perished
Third Class,Adult,Male,Perished
Third Class,Adult,Male,Perished
Third Class,Adult,Male,Perished
Third Class,Adult,Male,Perished
Third Class,Adult,Male,Perished
Third Class,Adult,Male,Perished
Third Class,Adult,Male,Perished
Third Class,Adult,Male,Perished
Third Class,Adult,Male,Perished
Third Class,Adult,Male,Perished
Third Class,Adult,Male,Perished
Third Class,Adult,Male,Perished
Third Class,Adult,Male,Perished
Third Class,Adult,Male,Perished
Third Class,Adult,Male,Perished
Third Class,Adult,Male,Perished
Third Class,Adult,Male,Perished
Third Class,Adult,Male,Perished
Third Class,Adult,Male,Perished
Third Class,Adult,Male,Perished
Third Class,Adult,Male,Perished
Third Class,Adult,Male,Perished
Third Class,Adult,Male,Perished
Third Class,Adult,Male,Perished
Third Class,Adult,Male,Perished
Third Class,Adult,Male,Perished
Third Class,Adult,Male,Perished
Third Class,Adult,Male,Perished
Third Class,Adult,Male,Perished
Third Class,Adult,Male,Perished
Third Class,Adult,Male,Perished
Third Class,Adult,Male,Perished
Third Class,Adult,Male,Perished
Third Class,Adult,Male,Perished
Third Class,Adult,Male,Perished
Third Class,Adult,Male,Perished
Third Class,Adult,Male,Perished
Third Class,Adult,Male,Perished
Third Class,Adult,Male,Perished
Third Class,Adult,Male,Perished
Third Class,Adult,Male,Perished
Third Class,Adult,Male,Perished
Third Class,Adult,Male,Perished
Third Class,Adult,Male,Perished
Third Class,Adult,Male,Perished
Third Class,Adult,Male,Perished
Third Class,Adult,Male,Perished
Third Class,Adult,Male,Perished
Third Class,Adult,Male,Perished
Third Class,Adult,Male,Perished
Third Class,Adult,Male,Perished
Third Class,Adult,Male,Perished
Third Class,Adult,Male,Perished
Third Class,Adult,Male,Perished
Third Class,Adult,Male,Perished
Third Class,Adult,Male,Perished
Third Class,Adult,Male,Perished
Third Class,Adult,Male,Perished
Third Class,Adult,Male,Perished
Third Class,Adult,Male,Perished
Third Class,Adult,Male,Perished
Third Class,Adult,Male,Perished
Third Class,Adult,Male,Perished
Third Class,Adult,Male,Perished
Third Class,Adult,Male,Perished
Third Class,Adult,Male,Perished
Third Class,Adult,Male,Perished
Third Class,Adult,Male,Perished
Third Class,Adult,Male,Perished
Third Class,Adult,Male,Perished
Third Class,Adult,Male,Perished
Third Class,Adult,Male,Perished
Third Class,Adult,Male,Perished
Third Class,Adult,Male,Perished
Third Class,Adult,Male,Perished
Third Class,Adult,Male,Perished
Third Class,Adult,Male,Perished
Third Class,Adult,Male,Perished
Third Class,Adult,Male,Perished
Third Class,Adult,Male,Perished
Third Class,Adult,Male,Perished
Third Class,Adult,Male,Perished
Third Class,Adult,Male,Perished
Third Class,Adult,Male,Perished
Third Class,Adult,Male,Perished
Third Class,Adult,Male,Perished
Third Class,Adult,Male,Perished
Third Class,Adult,Male,Perished
Third Class,Adult,Male,Perished
Third Class,Adult,Male,Perished
Third Class,Adult,Male,Perished
Third Class,Adult,Male,Perished
Third Class,Adult,Male,Perished
Third Class,Adult,Male,Perished
Third Class,Adult,Male,Perished
Third Class,Adult,Male,Perished
Third Class,Adult,Male,Perished
Third Class,Adult,Male,Perished
Third Class,Adult,Male,Perished
Third Class,Adult,Male,Perished
Third Class,Adult,Male,Perished
Third Class,Adult,Male,Perished
Third Class,Adult,Male,Perished
Third Class,Adult,Male,Perished
Third Class,Adult,Male,Perished
Third Class,Adult,Male,Perished
Third Class,Adult,Male,Perished
Third Class,Adult,Male,Perished
Third Class,Adult,Male,Perished
Third Class,Adult,Male,Perished
Third Class,Adult,Male,Perished
Third Class,Adult,Male,Perished
Third Class,Adult,Male,Perished
Third Class,Adult,Male,Perished
Third Class,Adult,Male,Perished
Third Class,Adult,Male,Perished
Third Class,Adult,Male,Perished
Third Class,Adult,Male,Perished
Third Class,Adult,Male,Perished
Third Class,Adult,Male,Perished
Third Class,Adult,Male,Perished
Third Class,Adult,Male,Perished
Third Class,Adult,Male,Perished
Third Class,Adult,Male,Perished
Third Class,Adult,Male,Perished
Third Class,Adult,Male,Perished
Third Class,Adult,Male,Perished
Third Class,Adult,Male,Perished
Third Class,Adult,Male,Perished
Third Class,Adult,Male,Perished
Third Class,Adult,Male,Perished
Third Class,Adult,Male,Perished
Third Class,Adult,Male,Perished
Third Class,Adult,Male,Perished
Third Class,Adult,Male,Perished
Third Class,Adult,Male,Perished
Third Class,Adult,Male,Perished
Third Class,Adult,Male,Perished
Third Class,Adult,Male,Perished
Third Class,Adult,Male,Perished
Third Class,Adult,Male,Perished
Third Class,Adult,Male,Perished
Third Class,Adult,Male,Perished
Third Class,Adult,Male,Perished
Third Class,Adult,Male,Perished
Third Class,Adult,Male,Perished
Third Class,Adult,Male,Perished
Third Class,Adult,Male,Perished
Third Class,Adult,Male,Perished
Third Class,Adult,Male,Perished
Third Class,Adult,Male,Perished
Third Class,Adult,Male,Perished
Third Class,Adult,Male,Perished
Third Class,Adult,Male,Perished
Third Class,Adult,Male,Perished
Third Class,Adult,Male,Perished
Third Class,Adult,Male,Perished
Third Class,Adult,Male,Perished
Third Class,Adult,Male,Perished
Third Class,Adult,Male,Perished
Third Class,Adult,Male,Perished
Third Class,Adult,Male,Perished
Third Class,Adult,Male,Perished
Third Class,Adult,Male,Perished
Third Class,Adult,Male,Perished
Third Class,Adult,Male,Perished
Third Class,Adult,Male,Perished
Third Class,Adult,Male,Perished
Third Class,Adult,Male,Perished
Third Class,Adult,Male,Perished
Third Class,Adult,Male,Perished
Third Class,Adult,Male,Perished
Third Class,Adult,Male,Perished
Third Class,Adult,Male,Perished
Third Class,Adult,Male,Perished
Third Class,Adult,Male,Perished
Third Class,Adult,Male,Perished
Third Class,Adult,Male,Perished
Third Class,Adult,Male,Perished
Third Class,Adult,Male,Perished
Third Class,Adult,Male,Perished
Third Class,Adult,Male,Perished
Third Class,Adult,Male,Perished
Third Class,Adult,Male,Perished
Third Class,Adult,Male,Perished
Third Class,Adult,Male,Perished
Third Class,Adult,Male,Perished
Third Class,Adult,Male,Perished
Third Class,Adult,Male,Perished
Third Class,Adult,Male,Perished
Third Class,Adult,Male,Perished
Third Class,Adult,Male,Perished
Third Class,Adult,Male,Perished
Third Class,Adult,Male,Perished
Third Class,Adult,Male,Perished
Third Class,Adult,Male,Perished
Third Class,Adult,Male,Perished
Third Class,Adult,Male,Perished
Third Class,Adult,Male,Perished
Third Class,Adult,Male,Perished
Third Class,Adult,Male,Perished
Third Class,Adult,Male,Perished
Third Class,Adult,Male,Perished
Third Class,Adult,Male,Perished
Third Class,Adult,Male,Perished
Third Class,Adult,Male,Perished
Third Class,Adult,Male,Perished
Third Class,Adult,Male,Perished
Third Class,Adult,Male,Perished
Third Class,Adult,Male,Perished
Third Class,Adult,Male,Perished
Third Class,Adult,Male,Perished
Third Class,Adult,Male,Perished
Third Class,Adult,Male,Perished
Third Class,Adult,Male,Perished
Third Class,Adult,Male,Perished
Third Class,Adult,Male,Perished
Third Class,Adult,Male,Perished
Third Class,Adult,Male,Perished
Third Class,Adult,Male,Perished
Third Class,Adult,Male,Perished
Third Class,Adult,Male,Perished
Third Class,Adult,Male,Perished
Third Class,Adult,Male,Perished
Third Class,Adult,Male,Perished
Third Class,Adult,Male,Perished
Third Class,Adult,Male,Perished
Third Class,Adult,Male,Perished
Third Class,Adult,Male,Perished
Third Class,Adult,Male,Perished
Third Class,Adult,Male,Perished
Third Class,Adult,Male,Perished
Third Class,Adult,Male,Perished
Third Class,Adult,Male,Perished
Third Class,Adult,Male,Perished
Third Class,Adult,Male,Perished
Third Class,Adult,Male,Perished
Third Class,Adult,Male,Perished
Third Class,Adult,Male,Perished
Third Class,Adult,Male,Perished
Third Class,Adult,Male,Perished
Third Class,Adult,Male,Perished
Third Class,Adult,Male,Perished
Third Class,Adult,Male,Perished
Third Class,Adult,Male,Perished
Third Class,Adult,Male,Perished
Third Class,Adult,Male,Perished
Third Class,Adult,Male,Perished
Third Class,Adult,Male,Perished
Third Class,Adult,Male,Perished
Third Class,Adult,Male,Perished
Third Class,Adult,Male,Perished
Third Class,Adult,Male,Perished
Third Class,Adult,Male,Perished
Third Class,Adult,Male,Perished
Third Class,Adult,Male,Perished
Third Class,Adult,Male,Perished
Third Class,Adult,Male,Perished
Third Class,Adult,Male,Perished
Third Class,Adult,Male,Perished
Third Class,Adult,Male,Perished
Third Class,Adult,Male,Perished
Third Class,Adult,Male,Perished
Third Class,Adult,Male,Perished
Third Class,Adult,Male,Perished
Third Class,Adult,Male,Perished
Third Class,Adult,Male,Perished
Third Class,Adult,Male,Perished
Third Class,Adult,Male,Perished
Third Class,Adult,Male,Perished
Third Class,Adult,Male,Perished
Third Class,Adult,Male,Perished
Third Class,Adult,Male,Perished
Third Class,Adult,Male,Perished
Third Class,Adult,Male,Perished
Third Class,Adult,Male,Perished
Third Class,Adult,Male,Perished
Third Class,Adult,Male,Perished
Third Class,Adult,Male,Perished
Third Class,Adult,Male,Perished
Third Class,Adult,Male,Perished
Third Class,Adult,Male,Perished
Third Class,Adult,Male,Perished
Third Class,Adult,Male,Perished
Third Class,Adult,Male,Perished
Third Class,Adult,Male,Perished
Third Class,Adult,Male,Perished
Third Class,Adult,Male,Perished
Third Class,Adult,Male,Perished
Third Class,Adult,Male,Perished
Third Class,Adult,Male,Perished
Third Class,Adult,Male,Perished
Third Class,Adult,Male,Perished
Third Class,Adult,Male,Perished
Third Class,Adult,Male,Perished
Third Class,Adult,Male,Perished
Third Class,Adult,Male,Perished
Third Class,Adult,Male,Perished
Third Class,Adult,Male,Perished
Third Class,Adult,Male,Perished
Third Class,Adult,Male,Perished
Third Class,Adult,Male,Perished
Third Class,Adult,Male,Perished
Third Class,Adult,Male,Perished
Third Class,Adult,Male,Perished
Third Class,Adult,Male,Perished
Third Class,Adult,Male,Perished
Third Class,Adult,Male,Perished
Third Class,Adult,Male,Perished
Third Class,Adult,Male,Perished
Third Class,Adult,Male,Perished
Third Class,Adult,Male,Perished
Third Class,Adult,Male,Perished
Third Class,Adult,Male,Perished
Third Class,Adult,Male,Perished
Third Class,Adult,Male,Perished
Third Class,Adult,Male,Perished
Third Class,Adult,Male,Perished
Third Class,Adult,Male,Perished
Third Class,Adult,Male,Perished
Third Class,Adult,Male,Perished
Third Class,Adult,Male,Perished
Third Class,Adult,Male,Perished
Third Class,Adult,Male,Perished
Third Class,Adult,Male,Perished
Third Class,Adult,Male,Perished
Third Class,Adult,Male,Perished
Third Class,Adult,Male,Perished
Third Class,Adult,Male,Perished
Third Class,Adult,Male,Perished
Third Class,Adult,Male,Perished
Third Class,Adult,Male,Perished
Third Class,Adult,Male,Perished
Third Class,Adult,Male,Perished
Third Class,Adult,Male,Perished
Third Class,Adult,Male,Perished
Third Class,Adult,Male,Perished
Third Class,Adult,Male,Perished
Third Class,Adult,Male,Perished
Third Class,Adult,Male,Perished
Third Class,Adult,Male,Perished
Third Class,Adult,Male,Perished
Third Class,Adult,Male,Perished
Third Class,Adult,Male,Perished
Third Class,Adult,Male,Perished
Third Class,Adult,Male,Perished
Third Class,Adult,Male,Perished
Third Class,Adult,Male,Perished
Third Class,Adult,Male,Perished
Third Class,Adult,Male,Perished
Third Class,Adult,Male,Perished
Third Class,Adult,Male,Perished
Third Class,Adult,Male,Perished
Third Class,Adult,Male,Perished
Third Class,Adult,Male,Perished
Third Class,Adult,Male,Perished
Third Class,Adult,Male,Perished
Third Class,Adult,Male,Perished
Third Class,Adult,Male,Perished
Third Class,Adult,Male,Perished
Third Class,Adult,Male,Perished
Third Class,Adult,Male,Perished
Third Class,Adult,Male,Perished
Third Class,Adult,Male,Perished
Third Class,Adult,Male,Perished
Third Class,Adult,Male,Perished
Third Class,Adult,Male,Perished
Third Class,Adult,Male,Perished
Third Class,Adult,Male,Perished
Third Class,Adult,Male,Perished
Third Class,Adult,Male,Perished
Third Class,Adult,Male,Perished
Third Class,Adult,Male,Perished
Third Class,Adult,Male,Perished
Third Class,Adult,Male,Perished
Third Class,Adult,Female,Survived
Third Class,Adult,Female,Survived
Third Class,Adult,Female,Survived
Third Class,Adult,Female,Survived
Third Class,Adult,Female,Survived
Third Class,Adult,Female,Survived
Third Class,Adult,Female,Survived
Third Class,Adult,Female,Survived
Third Class,Adult,Female,Survived
Third Class,Adult,Female,Survived
Third Class,Adult,Female,Survived
Third Class,Adult,Female,Survived
Third Class,Adult,Female,Survived
Third Class,Adult,Female,Survived
Third Class,Adult,Female,Survived
Third Class,Adult,Female,Survived
Third Class,Adult,Female,Survived
Third Class,Adult,Female,Survived
Third Class,Adult,Female,Survived
Third Class,Adult,Female,Survived
Third Class,Adult,Female,Survived
Third Class,Adult,Female,Survived
Third Class,Adult,Female,Survived
Third Class,Adult,Female,Survived
Third Class,Adult,Female,Survived
Third Class,Adult,Female,Survived
Third Class,Adult,Female,Survived
Third Class,Adult,Female,Survived
Third Class,Adult,Female,Survived
Third Class,Adult,Female,Survived
Third Class,Adult,Female,Survived
Third Class,Adult,Female,Survived
Third Class,Adult,Female,Survived
Third Class,Adult,Female,Survived
Third Class,Adult,Female,Survived
Third Class,Adult,Female,Survived
Third Class,Adult,Female,Survived
Third Class,Adult,Female,Survived
Third Class,Adult,Female,Survived
Third Class,Adult,Female,Survived
Third Class,Adult,Female,Survived
Third Class,Adult,Female,Survived
Third Class,Adult,Female,Survived
Third Class,Adult,Female,Survived
Third Class,Adult,Female,Survived
Third Class,Adult,Female,Survived
Third Class,Adult,Female,Survived
Third Class,Adult,Female,Survived
Third Class,Adult,Female,Survived
Third Class,Adult,Female,Survived
Third Class,Adult,Female,Survived
Third Class,Adult,Female,Survived
Third Class,Adult,Female,Survived
Third Class,Adult,Female,Survived
Third Class,Adult,Female,Survived
Third Class,Adult,Female,Survived
Third Class,Adult,Female,Survived
Third Class,Adult,Female,Survived
Third Class,Adult,Female,Survived
Third Class,Adult,Female,Survived
Third Class,Adult,Female,Survived
Third Class,Adult,Female,Survived
Third Class,Adult,Female,Survived
Third Class,Adult,Female,Survived
Third Class,Adult,Female,Survived
Third Class,Adult,Female,Survived
Third Class,Adult,Female,Survived
Third Class,Adult,Female,Survived
Third Class,Adult,Female,Survived
Third Class,Adult,Female,Survived
Third Class,Adult,Female,Survived
Third Class,Adult,Female,Survived
Third Class,Adult,Female,Survived
Third Class,Adult,Female,Survived
Third Class,Adult,Female,Survived
Third Class,Adult,Female,Survived
Third Class,Adult,Female,Perished
Third Class,Adult,Female,Perished
Third Class,Adult,Female,Perished
Third Class,Adult,Female,Perished
Third Class,Adult,Female,Perished
Third Class,Adult,Female,Perished
Third Class,Adult,Female,Perished
Third Class,Adult,Female,Perished
Third Class,Adult,Female,Perished
Third Class,Adult,Female,Perished
Third Class,Adult,Female,Perished
Third Class,Adult,Female,Perished
Third Class,Adult,Female,Perished
Third Class,Adult,Female,Perished
Third Class,Adult,Female,Perished
Third Class,Adult,Female,Perished
Third Class,Adult,Female,Perished
Third Class,Adult,Female,Perished
Third Class,Adult,Female,Perished
Third Class,Adult,Female,Perished
Third Class,Adult,Female,Perished
Third Class,Adult,Female,Perished
Third Class,Adult,Female,Perished
Third Class,Adult,Female,Perished
Third Class,Adult,Female,Perished
Third Class,Adult,Female,Perished
Third Class,Adult,Female,Perished
Third Class,Adult,Female,Perished
Third Class,Adult,Female,Perished
Third Class,Adult,Female,Perished
Third Class,Adult,Female,Perished
Third Class,Adult,Female,Perished
Third Class,Adult,Female,Perished
Third Class,Adult,Female,Perished
Third Class,Adult,Female,Perished
Third Class,Adult,Female,Perished
Third Class,Adult,Female,Perished
Third Class,Adult,Female,Perished
Third Class,Adult,Female,Perished
Third Class,Adult,Female,Perished
Third Class,Adult,Female,Perished
Third Class,Adult,Female,Perished
Third Class,Adult,Female,Perished
Third Class,Adult,Female,Perished
Third Class,Adult,Female,Perished
Third Class,Adult,Female,Perished
Third Class,Adult,Female,Perished
Third Class,Adult,Female,Perished
Third Class,Adult,Female,Perished
Third Class,Adult,Female,Perished
Third Class,Adult,Female,Perished
Third Class,Adult,Female,Perished
Third Class,Adult,Female,Perished
Third Class,Adult,Female,Perished
Third Class,Adult,Female,Perished
Third Class,Adult,Female,Perished
Third Class,Adult,Female,Perished
Third Class,Adult,Female,Perished
Third Class,Adult,Female,Perished
Third Class,Adult,Female,Perished
Third Class,Adult,Female,Perished
Third Class,Adult,Female,Perished
Third Class,Adult,Female,Perished
Third Class,Adult,Female,Perished
Third Class,Adult,Female,Perished
Third Class,Adult,Female,Perished
Third Class,Adult,Female,Perished
Third Class,Adult,Female,Perished
Third Class,Adult,Female,Perished
Third Class,Adult,Female,Perished
Third Class,Adult,Female,Perished
Third Class,Adult,Female,Perished
Third Class,Adult,Female,Perished
Third Class,Adult,Female,Perished
Third Class,Adult,Female,Perished
Third Class,Adult,Female,Perished
Third Class,Adult,Female,Perished
Third Class,Adult,Female,Perished
Third Class,Adult,Female,Perished
Third Class,Adult,Female,Perished
Third Class,Adult,Female,Perished
Third Class,Adult,Female,Perished
Third Class,Adult,Female,Perished
Third Class,Adult,Female,Perished
Third Class,Adult,Female,Perished
Third Class,Adult,Female,Perished
Third Class,Adult,Female,Perished
Third Class,Adult,Female,Perished
Third Class,Adult,Female,Perished
Third Class,Child,Male,Survived
Third Class,Child,Male,Survived
Third Class,Child,Male,Survived
Third Class,Child,Male,Survived
Third Class,Child,Male,Survived
Third Class,Child,Male,Survived
Third Class,Child,Male,Survived
Third Class,Child,Male,Survived
Third Class,Child,Male,Survived
Third Class,Child,Male,Survived
Third Class,Child,Male,Survived
Third Class,Child,Male,Survived
Third Class,Child,Male,Survived
Third Class,Child,Male,Perished
Third Class,Child,Male,Perished
Third Class,Child,Male,Perished
Third Class,Child,Male,Perished
Third Class,Child,Male,Perished
Third Class,Child,Male,Perished
Third Class,Child,Male,Perished
Third Class,Child,Male,Perished
Third Class,Child,Male,Perished
Third Class,Child,Male,Perished
Third Class,Child,Male,Perished
Third Class,Child,Male,Perished
Third Class,Child,Male,Perished
Third Class,Child,Male,Perished
Third Class,Child,Male,Perished
Third Class,Child,Male,Perished
Third Class,Child,Male,Perished
Third Class,Child,Male,Perished
Third Class,Child,Male,Perished
Third Class,Child,Male,Perished
Third Class,Child,Male,Perished
Third Class,Child,Male,Perished
Third Class,Child,Male,Perished
Third Class,Child,Male,Perished
Third Class,Child,Male,Perished
Third Class,Child,Male,Perished
Third Class,Child,Male,Perished
Third Class,Child,Male,Perished
Third Class,Child,Male,Perished
Third Class,Child,Male,Perished
Third Class,Child,Male,Perished
Third Class,Child,Male,Perished
Third Class,Child,Male,Perished
Third Class,Child,Male,Perished
Third Class,Child,Male,Perished
Third Class,Child,Female,Survived
Third Class,Child,Female,Survived
Third Class,Child,Female,Survived
Third Class,Child,Female,Survived
Third Class,Child,Female,Survived
Third Class,Child,Female,Survived
Third Class,Child,Female,Survived
Third Class,Child,Female,Survived
Third Class,Child,Female,Survived
Third Class,Child,Female,Survived
Third Class,Child,Female,Survived
Third Class,Child,Female,Survived
Third Class,Child,Female,Survived
Third Class,Child,Female,Survived
Third Class,Child,Female,Perished
Third Class,Child,Female,Perished
Third Class,Child,Female,Perished
Third Class,Child,Female,Perished
Third Class,Child,Female,Perished
Third Class,Child,Female,Perished
Third Class,Child,Female,Perished
Third Class,Child,Female,Perished
Third Class,Child,Female,Perished
Third Class,Child,Female,Perished
Third Class,Child,Female,Perished
Third Class,Child,Female,Perished
Third Class,Child,Female,Perished
Third Class,Child,Female,Perished
Third Class,Child,Female,Perished
Third Class,Child,Female,Perished
Third Class,Child,Female,Perished
Crew,Adult,Male,Survived
Crew,Adult,Male,Survived
Crew,Adult,Male,Survived
Crew,Adult,Male,Survived
Crew,Adult,Male,Survived
Crew,Adult,Male,Survived
Crew,Adult,Male,Survived
Crew,Adult,Male,Survived
Crew,Adult,Male,Survived
Crew,Adult,Male,Survived
Crew,Adult,Male,Survived
Crew,Adult,Male,Survived
Crew,Adult,Male,Survived
Crew,Adult,Male,Survived
Crew,Adult,Male,Survived
Crew,Adult,Male,Survived
Crew,Adult,Male,Survived
Crew,Adult,Male,Survived
Crew,Adult,Male,Survived
Crew,Adult,Male,Survived
Crew,Adult,Male,Survived
Crew,Adult,Male,Survived
Crew,Adult,Male,Survived
Crew,Adult,Male,Survived
Crew,Adult,Male,Survived
Crew,Adult,Male,Survived
Crew,Adult,Male,Survived
Crew,Adult,Male,Survived
Crew,Adult,Male,Survived
Crew,Adult,Male,Survived
Crew,Adult,Male,Survived
Crew,Adult,Male,Survived
Crew,Adult,Male,Survived
Crew,Adult,Male,Survived
Crew,Adult,Male,Survived
Crew,Adult,Male,Survived
Crew,Adult,Male,Survived
Crew,Adult,Male,Survived
Crew,Adult,Male,Survived
Crew,Adult,Male,Survived
Crew,Adult,Male,Survived
Crew,Adult,Male,Survived
Crew,Adult,Male,Survived
Crew,Adult,Male,Survived
Crew,Adult,Male,Survived
Crew,Adult,Male,Survived
Crew,Adult,Male,Survived
Crew,Adult,Male,Survived
Crew,Adult,Male,Survived
Crew,Adult,Male,Survived
Crew,Adult,Male,Survived
Crew,Adult,Male,Survived
Crew,Adult,Male,Survived
Crew,Adult,Male,Survived
Crew,Adult,Male,Survived
Crew,Adult,Male,Survived
Crew,Adult,Male,Survived
Crew,Adult,Male,Survived
Crew,Adult,Male,Survived
Crew,Adult,Male,Survived
Crew,Adult,Male,Survived
Crew,Adult,Male,Survived
Crew,Adult,Male,Survived
Crew,Adult,Male,Survived
Crew,Adult,Male,Survived
Crew,Adult,Male,Survived
Crew,Adult,Male,Survived
Crew,Adult,Male,Survived
Crew,Adult,Male,Survived
Crew,Adult,Male,Survived
Crew,Adult,Male,Survived
Crew,Adult,Male,Survived
Crew,Adult,Male,Survived
Crew,Adult,Male,Survived
Crew,Adult,Male,Survived
Crew,Adult,Male,Survived
Crew,Adult,Male,Survived
Crew,Adult,Male,Survived
Crew,Adult,Male,Survived
Crew,Adult,Male,Survived
Crew,Adult,Male,Survived
Crew,Adult,Male,Survived
Crew,Adult,Male,Survived
Crew,Adult,Male,Survived
Crew,Adult,Male,Survived
Crew,Adult,Male,Survived
Crew,Adult,Male,Survived
Crew,Adult,Male,Survived
Crew,Adult,Male,Survived
Crew,Adult,Male,Survived
Crew,Adult,Male,Survived
Crew,Adult,Male,Survived
Crew,Adult,Male,Survived
Crew,Adult,Male,Survived
Crew,Adult,Male,Survived
Crew,Adult,Male,Survived
Crew,Adult,Male,Survived
Crew,Adult,Male,Survived
Crew,Adult,Male,Survived
Crew,Adult,Male,Survived
Crew,Adult,Male,Survived
Crew,Adult,Male,Survived
Crew,Adult,Male,Survived
Crew,Adult,Male,Survived
Crew,Adult,Male,Survived
Crew,Adult,Male,Survived
Crew,Adult,Male,Survived
Crew,Adult,Male,Survived
Crew,Adult,Male,Survived
Crew,Adult,Male,Survived
Crew,Adult,Male,Survived
Crew,Adult,Male,Survived
Crew,Adult,Male,Survived
Crew,Adult,Male,Survived
Crew,Adult,Male,Survived
Crew,Adult,Male,Survived
Crew,Adult,Male,Survived
Crew,Adult,Male,Survived
Crew,Adult,Male,Survived
Crew,Adult,Male,Survived
Crew,Adult,Male,Survived
Crew,Adult,Male,Survived
Crew,Adult,Male,Survived
Crew,Adult,Male,Survived
Crew,Adult,Male,Survived
Crew,Adult,Male,Survived
Crew,Adult,Male,Survived
Crew,Adult,Male,Survived
Crew,Adult,Male,Survived
Crew,Adult,Male,Survived
Crew,Adult,Male,Survived
Crew,Adult,Male,Survived
Crew,Adult,Male,Survived
Crew,Adult,Male,Survived
Crew,Adult,Male,Survived
Crew,Adult,Male,Survived
Crew,Adult,Male,Survived
Crew,Adult,Male,Survived
Crew,Adult,Male,Survived
Crew,Adult,Male,Survived
Crew,Adult,Male,Survived
Crew,Adult,Male,Survived
Crew,Adult,Male,Survived
Crew,Adult,Male,Survived
Crew,Adult,Male,Survived
Crew,Adult,Male,Survived
Crew,Adult,Male,Survived
Crew,Adult,Male,Survived
Crew,Adult,Male,Survived
Crew,Adult,Male,Survived
Crew,Adult,Male,Survived
Crew,Adult,Male,Survived
Crew,Adult,Male,Survived
Crew,Adult,Male,Survived
Crew,Adult,Male,Survived
Crew,Adult,Male,Survived
Crew,Adult,Male,Survived
Crew,Adult,Male,Survived
Crew,Adult,Male,Survived
Crew,Adult,Male,Survived
Crew,Adult,Male,Survived
Crew,Adult,Male,Survived
Crew,Adult,Male,Survived
Crew,Adult,Male,Survived
Crew,Adult,Male,Survived
Crew,Adult,Male,Survived
Crew,Adult,Male,Survived
Crew,Adult,Male,Survived
Crew,Adult,Male,Survived
Crew,Adult,Male,Survived
Crew,Adult,Male,Survived
Crew,Adult,Male,Survived
Crew,Adult,Male,Survived
Crew,Adult,Male,Survived
Crew,Adult,Male,Survived
Crew,Adult,Male,Survived
Crew,Adult,Male,Survived
Crew,Adult,Male,Survived
Crew,Adult,Male,Survived
Crew,Adult,Male,Survived
Crew,Adult,Male,Survived
Crew,Adult,Male,Survived
Crew,Adult,Male,Survived
Crew,Adult,Male,Survived
Crew,Adult,Male,Survived
Crew,Adult,Male,Survived
Crew,Adult,Male,Survived
Crew,Adult,Male,Survived
Crew,Adult,Male,Survived
Crew,Adult,Male,Survived
Crew,Adult,Male,Survived
Crew,Adult,Male,Survived
Crew,Adult,Male,Perished
Crew,Adult,Male,Perished
Crew,Adult,Male,Perished
Crew,Adult,Male,Perished
Crew,Adult,Male,Perished
Crew,Adult,Male,Perished
Crew,Adult,Male,Perished
Crew,Adult,Male,Perished
Crew,Adult,Male,Perished
Crew,Adult,Male,Perished
Crew,Adult,Male,Perished
Crew,Adult,Male,Perished
Crew,Adult,Male,Perished
Crew,Adult,Male,Perished
Crew,Adult,Male,Perished
Crew,Adult,Male,Perished
Crew,Adult,Male,Perished
Crew,Adult,Male,Perished
Crew,Adult,Male,Perished
Crew,Adult,Male,Perished
Crew,Adult,Male,Perished
Crew,Adult,Male,Perished
Crew,Adult,Male,Perished
Crew,Adult,Male,Perished
Crew,Adult,Male,Perished
Crew,Adult,Male,Perished
Crew,Adult,Male,Perished
Crew,Adult,Male,Perished
Crew,Adult,Male,Perished
Crew,Adult,Male,Perished
Crew,Adult,Male,Perished
Crew,Adult,Male,Perished
Crew,Adult,Male,Perished
Crew,Adult,Male,Perished
Crew,Adult,Male,Perished
Crew,Adult,Male,Perished
Crew,Adult,Male,Perished
Crew,Adult,Male,Perished
Crew,Adult,Male,Perished
Crew,Adult,Male,Perished
Crew,Adult,Male,Perished
Crew,Adult,Male,Perished
Crew,Adult,Male,Perished
Crew,Adult,Male,Perished
Crew,Adult,Male,Perished
Crew,Adult,Male,Perished
Crew,Adult,Male,Perished
Crew,Adult,Male,Perished
Crew,Adult,Male,Perished
Crew,Adult,Male,Perished
Crew,Adult,Male,Perished
Crew,Adult,Male,Perished
Crew,Adult,Male,Perished
Crew,Adult,Male,Perished
Crew,Adult,Male,Perished
Crew,Adult,Male,Perished
Crew,Adult,Male,Perished
Crew,Adult,Male,Perished
Crew,Adult,Male,Perished
Crew,Adult,Male,Perished
Crew,Adult,Male,Perished
Crew,Adult,Male,Perished
Crew,Adult,Male,Perished
Crew,Adult,Male,Perished
Crew,Adult,Male,Perished
Crew,Adult,Male,Perished
Crew,Adult,Male,Perished
Crew,Adult,Male,Perished
Crew,Adult,Male,Perished
Crew,Adult,Male,Perished
Crew,Adult,Male,Perished
Crew,Adult,Male,Perished
Crew,Adult,Male,Perished
Crew,Adult,Male,Perished
Crew,Adult,Male,Perished
Crew,Adult,Male,Perished
Crew,Adult,Male,Perished
Crew,Adult,Male,Perished
Crew,Adult,Male,Perished
Crew,Adult,Male,Perished
Crew,Adult,Male,Perished
Crew,Adult,Male,Perished
Crew,Adult,Male,Perished
Crew,Adult,Male,Perished
Crew,Adult,Male,Perished
Crew,Adult,Male,Perished
Crew,Adult,Male,Perished
Crew,Adult,Male,Perished
Crew,Adult,Male,Perished
Crew,Adult,Male,Perished
Crew,Adult,Male,Perished
Crew,Adult,Male,Perished
Crew,Adult,Male,Perished
Crew,Adult,Male,Perished
Crew,Adult,Male,Perished
Crew,Adult,Male,Perished
Crew,Adult,Male,Perished
Crew,Adult,Male,Perished
Crew,Adult,Male,Perished
Crew,Adult,Male,Perished
Crew,Adult,Male,Perished
Crew,Adult,Male,Perished
Crew,Adult,Male,Perished
Crew,Adult,Male,Perished
Crew,Adult,Male,Perished
Crew,Adult,Male,Perished
Crew,Adult,Male,Perished
Crew,Adult,Male,Perished
Crew,Adult,Male,Perished
Crew,Adult,Male,Perished
Crew,Adult,Male,Perished
Crew,Adult,Male,Perished
Crew,Adult,Male,Perished
Crew,Adult,Male,Perished
Crew,Adult,Male,Perished
Crew,Adult,Male,Perished
Crew,Adult,Male,Perished
Crew,Adult,Male,Perished
Crew,Adult,Male,Perished
Crew,Adult,Male,Perished
Crew,Adult,Male,Perished
Crew,Adult,Male,Perished
Crew,Adult,Male,Perished
Crew,Adult,Male,Perished
Crew,Adult,Male,Perished
Crew,Adult,Male,Perished
Crew,Adult,Male,Perished
Crew,Adult,Male,Perished
Crew,Adult,Male,Perished
Crew,Adult,Male,Perished
Crew,Adult,Male,Perished
Crew,Adult,Male,Perished
Crew,Adult,Male,Perished
Crew,Adult,Male,Perished
Crew,Adult,Male,Perished
Crew,Adult,Male,Perished
Crew,Adult,Male,Perished
Crew,Adult,Male,Perished
Crew,Adult,Male,Perished
Crew,Adult,Male,Perished
Crew,Adult,Male,Perished
Crew,Adult,Male,Perished
Crew,Adult,Male,Perished
Crew,Adult,Male,Perished
Crew,Adult,Male,Perished
Crew,Adult,Male,Perished
Crew,Adult,Male,Perished
Crew,Adult,Male,Perished
Crew,Adult,Male,Perished
Crew,Adult,Male,Perished
Crew,Adult,Male,Perished
Crew,Adult,Male,Perished
Crew,Adult,Male,Perished
Crew,Adult,Male,Perished
Crew,Adult,Male,Perished
Crew,Adult,Male,Perished
Crew,Adult,Male,Perished
Crew,Adult,Male,Perished
Crew,Adult,Male,Perished
Crew,Adult,Male,Perished
Crew,Adult,Male,Perished
Crew,Adult,Male,Perished
Crew,Adult,Male,Perished
Crew,Adult,Male,Perished
Crew,Adult,Male,Perished
Crew,Adult,Male,Perished
Crew,Adult,Male,Perished
Crew,Adult,Male,Perished
Crew,Adult,Male,Perished
Crew,Adult,Male,Perished
Crew,Adult,Male,Perished
Crew,Adult,Male,Perished
Crew,Adult,Male,Perished
Crew,Adult,Male,Perished
Crew,Adult,Male,Perished
Crew,Adult,Male,Perished
Crew,Adult,Male,Perished
Crew,Adult,Male,Perished
Crew,Adult,Male,Perished
Crew,Adult,Male,Perished
Crew,Adult,Male,Perished
Crew,Adult,Male,Perished
Crew,Adult,Male,Perished
Crew,Adult,Male,Perished
Crew,Adult,Male,Perished
Crew,Adult,Male,Perished
Crew,Adult,Male,Perished
Crew,Adult,Male,Perished
Crew,Adult,Male,Perished
Crew,Adult,Male,Perished
Crew,Adult,Male,Perished
Crew,Adult,Male,Perished
Crew,Adult,Male,Perished
Crew,Adult,Male,Perished
Crew,Adult,Male,Perished
Crew,Adult,Male,Perished
Crew,Adult,Male,Perished
Crew,Adult,Male,Perished
Crew,Adult,Male,Perished
Crew,Adult,Male,Perished
Crew,Adult,Male,Perished
Crew,Adult,Male,Perished
Crew,Adult,Male,Perished
Crew,Adult,Male,Perished
Crew,Adult,Male,Perished
Crew,Adult,Male,Perished
Crew,Adult,Male,Perished
Crew,Adult,Male,Perished
Crew,Adult,Male,Perished
Crew,Adult,Male,Perished
Crew,Adult,Male,Perished
Crew,Adult,Male,Perished
Crew,Adult,Male,Perished
Crew,Adult,Male,Perished
Crew,Adult,Male,Perished
Crew,Adult,Male,Perished
Crew,Adult,Male,Perished
Crew,Adult,Male,Perished
Crew,Adult,Male,Perished
Crew,Adult,Male,Perished
Crew,Adult,Male,Perished
Crew,Adult,Male,Perished
Crew,Adult,Male,Perished
Crew,Adult,Male,Perished
Crew,Adult,Male,Perished
Crew,Adult,Male,Perished
Crew,Adult,Male,Perished
Crew,Adult,Male,Perished
Crew,Adult,Male,Perished
Crew,Adult,Male,Perished
Crew,Adult,Male,Perished
Crew,Adult,Male,Perished
Crew,Adult,Male,Perished
Crew,Adult,Male,Perished
Crew,Adult,Male,Perished
Crew,Adult,Male,Perished
Crew,Adult,Male,Perished
Crew,Adult,Male,Perished
Crew,Adult,Male,Perished
Crew,Adult,Male,Perished
Crew,Adult,Male,Perished
Crew,Adult,Male,Perished
Crew,Adult,Male,Perished
Crew,Adult,Male,Perished
Crew,Adult,Male,Perished
Crew,Adult,Male,Perished
Crew,Adult,Male,Perished
Crew,Adult,Male,Perished
Crew,Adult,Male,Perished
Crew,Adult,Male,Perished
Crew,Adult,Male,Perished
Crew,Adult,Male,Perished
Crew,Adult,Male,Perished
Crew,Adult,Male,Perished
Crew,Adult,Male,Perished
Crew,Adult,Male,Perished
Crew,Adult,Male,Perished
Crew,Adult,Male,Perished
Crew,Adult,Male,Perished
Crew,Adult,Male,Perished
Crew,Adult,Male,Perished
Crew,Adult,Male,Perished
Crew,Adult,Male,Perished
Crew,Adult,Male,Perished
Crew,Adult,Male,Perished
Crew,Adult,Male,Perished
Crew,Adult,Male,Perished
Crew,Adult,Male,Perished
Crew,Adult,Male,Perished
Crew,Adult,Male,Perished
Crew,Adult,Male,Perished
Crew,Adult,Male,Perished
Crew,Adult,Male,Perished
Crew,Adult,Male,Perished
Crew,Adult,Male,Perished
Crew,Adult,Male,Perished
Crew,Adult,Male,Perished
Crew,Adult,Male,Perished
Crew,Adult,Male,Perished
Crew,Adult,Male,Perished
Crew,Adult,Male,Perished
Crew,Adult,Male,Perished
Crew,Adult,Male,Perished
Crew,Adult,Male,Perished
Crew,Adult,Male,Perished
Crew,Adult,Male,Perished
Crew,Adult,Male,Perished
Crew,Adult,Male,Perished
Crew,Adult,Male,Perished
Crew,Adult,Male,Perished
Crew,Adult,Male,Perished
Crew,Adult,Male,Perished
Crew,Adult,Male,Perished
Crew,Adult,Male,Perished
Crew,Adult,Male,Perished
Crew,Adult,Male,Perished
Crew,Adult,Male,Perished
Crew,Adult,Male,Perished
Crew,Adult,Male,Perished
Crew,Adult,Male,Perished
Crew,Adult,Male,Perished
Crew,Adult,Male,Perished
Crew,Adult,Male,Perished
Crew,Adult,Male,Perished
Crew,Adult,Male,Perished
Crew,Adult,Male,Perished
Crew,Adult,Male,Perished
Crew,Adult,Male,Perished
Crew,Adult,Male,Perished
Crew,Adult,Male,Perished
Crew,Adult,Male,Perished
Crew,Adult,Male,Perished
Crew,Adult,Male,Perished
Crew,Adult,Male,Perished
Crew,Adult,Male,Perished
Crew,Adult,Male,Perished
Crew,Adult,Male,Perished
Crew,Adult,Male,Perished
Crew,Adult,Male,Perished
Crew,Adult,Male,Perished
Crew,Adult,Male,Perished
Crew,Adult,Male,Perished
Crew,Adult,Male,Perished
Crew,Adult,Male,Perished
Crew,Adult,Male,Perished
Crew,Adult,Male,Perished
Crew,Adult,Male,Perished
Crew,Adult,Male,Perished
Crew,Adult,Male,Perished
Crew,Adult,Male,Perished
Crew,Adult,Male,Perished
Crew,Adult,Male,Perished
Crew,Adult,Male,Perished
Crew,Adult,Male,Perished
Crew,Adult,Male,Perished
Crew,Adult,Male,Perished
Crew,Adult,Male,Perished
Crew,Adult,Male,Perished
Crew,Adult,Male,Perished
Crew,Adult,Male,Perished
Crew,Adult,Male,Perished
Crew,Adult,Male,Perished
Crew,Adult,Male,Perished
Crew,Adult,Male,Perished
Crew,Adult,Male,Perished
Crew,Adult,Male,Perished
Crew,Adult,Male,Perished
Crew,Adult,Male,Perished
Crew,Adult,Male,Perished
Crew,Adult,Male,Perished
Crew,Adult,Male,Perished
Crew,Adult,Male,Perished
Crew,Adult,Male,Perished
Crew,Adult,Male,Perished
Crew,Adult,Male,Perished
Crew,Adult,Male,Perished
Crew,Adult,Male,Perished
Crew,Adult,Male,Perished
Crew,Adult,Male,Perished
Crew,Adult,Male,Perished
Crew,Adult,Male,Perished
Crew,Adult,Male,Perished
Crew,Adult,Male,Perished
Crew,Adult,Male,Perished
Crew,Adult,Male,Perished
Crew,Adult,Male,Perished
Crew,Adult,Male,Perished
Crew,Adult,Male,Perished
Crew,Adult,Male,Perished
Crew,Adult,Male,Perished
Crew,Adult,Male,Perished
Crew,Adult,Male,Perished
Crew,Adult,Male,Perished
Crew,Adult,Male,Perished
Crew,Adult,Male,Perished
Crew,Adult,Male,Perished
Crew,Adult,Male,Perished
Crew,Adult,Male,Perished
Crew,Adult,Male,Perished
Crew,Adult,Male,Perished
Crew,Adult,Male,Perished
Crew,Adult,Male,Perished
Crew,Adult,Male,Perished
Crew,Adult,Male,Perished
Crew,Adult,Male,Perished
Crew,Adult,Male,Perished
Crew,Adult,Male,Perished
Crew,Adult,Male,Perished
Crew,Adult,Male,Perished
Crew,Adult,Male,Perished
Crew,Adult,Male,Perished
Crew,Adult,Male,Perished
Crew,Adult,Male,Perished
Crew,Adult,Male,Perished
Crew,Adult,Male,Perished
Crew,Adult,Male,Perished
Crew,Adult,Male,Perished
Crew,Adult,Male,Perished
Crew,Adult,Male,Perished
Crew,Adult,Male,Perished
Crew,Adult,Male,Perished
Crew,Adult,Male,Perished
Crew,Adult,Male,Perished
Crew,Adult,Male,Perished
Crew,Adult,Male,Perished
Crew,Adult,Male,Perished
Crew,Adult,Male,Perished
Crew,Adult,Male,Perished
Crew,Adult,Male,Perished
Crew,Adult,Male,Perished
Crew,Adult,Male,Perished
Crew,Adult,Male,Perished
Crew,Adult,Male,Perished
Crew,Adult,Male,Perished
Crew,Adult,Male,Perished
Crew,Adult,Male,Perished
Crew,Adult,Male,Perished
Crew,Adult,Male,Perished
Crew,Adult,Male,Perished
Crew,Adult,Male,Perished
Crew,Adult,Male,Perished
Crew,Adult,Male,Perished
Crew,Adult,Male,Perished
Crew,Adult,Male,Perished
Crew,Adult,Male,Perished
Crew,Adult,Male,Perished
Crew,Adult,Male,Perished
Crew,Adult,Male,Perished
Crew,Adult,Male,Perished
Crew,Adult,Male,Perished
Crew,Adult,Male,Perished
Crew,Adult,Male,Perished
Crew,Adult,Male,Perished
Crew,Adult,Male,Perished
Crew,Adult,Male,Perished
Crew,Adult,Male,Perished
Crew,Adult,Male,Perished
Crew,Adult,Male,Perished
Crew,Adult,Male,Perished
Crew,Adult,Male,Perished
Crew,Adult,Male,Perished
Crew,Adult,Male,Perished
Crew,Adult,Male,Perished
Crew,Adult,Male,Perished
Crew,Adult,Male,Perished
Crew,Adult,Male,Perished
Crew,Adult,Male,Perished
Crew,Adult,Male,Perished
Crew,Adult,Male,Perished
Crew,Adult,Male,Perished
Crew,Adult,Male,Perished
Crew,Adult,Male,Perished
Crew,Adult,Male,Perished
Crew,Adult,Male,Perished
Crew,Adult,Male,Perished
Crew,Adult,Male,Perished
Crew,Adult,Male,Perished
Crew,Adult,Male,Perished
Crew,Adult,Male,Perished
Crew,Adult,Male,Perished
Crew,Adult,Male,Perished
Crew,Adult,Male,Perished
Crew,Adult,Male,Perished
Crew,Adult,Male,Perished
Crew,Adult,Male,Perished
Crew,Adult,Male,Perished
Crew,Adult,Male,Perished
Crew,Adult,Male,Perished
Crew,Adult,Male,Perished
Crew,Adult,Male,Perished
Crew,Adult,Male,Perished
Crew,Adult,Male,Perished
Crew,Adult,Male,Perished
Crew,Adult,Male,Perished
Crew,Adult,Male,Perished
Crew,Adult,Male,Perished
Crew,Adult,Male,Perished
Crew,Adult,Male,Perished
Crew,Adult,Male,Perished
Crew,Adult,Male,Perished
Crew,Adult,Male,Perished
Crew,Adult,Male,Perished
Crew,Adult,Male,Perished
Crew,Adult,Male,Perished
Crew,Adult,Male,Perished
Crew,Adult,Male,Perished
Crew,Adult,Male,Perished
Crew,Adult,Male,Perished
Crew,Adult,Male,Perished
Crew,Adult,Male,Perished
Crew,Adult,Male,Perished
Crew,Adult,Male,Perished
Crew,Adult,Male,Perished
Crew,Adult,Male,Perished
Crew,Adult,Male,Perished
Crew,Adult,Male,Perished
Crew,Adult,Male,Perished
Crew,Adult,Male,Perished
Crew,Adult,Male,Perished
Crew,Adult,Male,Perished
Crew,Adult,Male,Perished
Crew,Adult,Male,Perished
Crew,Adult,Male,Perished
Crew,Adult,Male,Perished
Crew,Adult,Male,Perished
Crew,Adult,Male,Perished
Crew,Adult,Male,Perished
Crew,Adult,Male,Perished
Crew,Adult,Male,Perished
Crew,Adult,Male,Perished
Crew,Adult,Male,Perished
Crew,Adult,Male,Perished
Crew,Adult,Male,Perished
Crew,Adult,Male,Perished
Crew,Adult,Male,Perished
Crew,Adult,Male,Perished
Crew,Adult,Male,Perished
Crew,Adult,Male,Perished
Crew,Adult,Male,Perished
Crew,Adult,Male,Perished
Crew,Adult,Male,Perished
Crew,Adult,Male,Perished
Crew,Adult,Male,Perished
Crew,Adult,Male,Perished
Crew,Adult,Male,Perished
Crew,Adult,Male,Perished
Crew,Adult,Male,Perished
Crew,Adult,Male,Perished
Crew,Adult,Male,Perished
Crew,Adult,Male,Perished
Crew,Adult,Male,Perished
Crew,Adult,Male,Perished
Crew,Adult,Male,Perished
Crew,Adult,Male,Perished
Crew,Adult,Male,Perished
Crew,Adult,Male,Perished
Crew,Adult,Male,Perished
Crew,Adult,Male,Perished
Crew,Adult,Male,Perished
Crew,Adult,Male,Perished
Crew,Adult,Male,Perished
Crew,Adult,Male,Perished
Crew,Adult,Male,Perished
Crew,Adult,Male,Perished
Crew,Adult,Male,Perished
Crew,Adult,Male,Perished
Crew,Adult,Male,Perished
Crew,Adult,Male,Perished
Crew,Adult,Male,Perished
Crew,Adult,Male,Perished
Crew,Adult,Male,Perished
Crew,Adult,Male,Perished
Crew,Adult,Male,Perished
Crew,Adult,Male,Perished
Crew,Adult,Male,Perished
Crew,Adult,Male,Perished
Crew,Adult,Male,Perished
Crew,Adult,Male,Perished
Crew,Adult,Male,Perished
Crew,Adult,Male,Perished
Crew,Adult,Male,Perished
Crew,Adult,Male,Perished
Crew,Adult,Male,Perished
Crew,Adult,Male,Perished
Crew,Adult,Male,Perished
Crew,Adult,Male,Perished
Crew,Adult,Male,Perished
Crew,Adult,Male,Perished
Crew,Adult,Male,Perished
Crew,Adult,Male,Perished
Crew,Adult,Male,Perished
Crew,Adult,Male,Perished
Crew,Adult,Male,Perished
Crew,Adult,Male,Perished
Crew,Adult,Male,Perished
Crew,Adult,Male,Perished
Crew,Adult,Male,Perished
Crew,Adult,Male,Perished
Crew,Adult,Male,Perished
Crew,Adult,Male,Perished
Crew,Adult,Male,Perished
Crew,Adult,Male,Perished
Crew,Adult,Male,Perished
Crew,Adult,Male,Perished
Crew,Adult,Male,Perished
Crew,Adult,Male,Perished
Crew,Adult,Male,Perished
Crew,Adult,Male,Perished
Crew,Adult,Male,Perished
Crew,Adult,Male,Perished
Crew,Adult,Male,Perished
Crew,Adult,Male,Perished
Crew,Adult,Male,Perished
Crew,Adult,Male,Perished
Crew,Adult,Male,Perished
Crew,Adult,Male,Perished
Crew,Adult,Male,Perished
Crew,Adult,Male,Perished
Crew,Adult,Male,Perished
Crew,Adult,Male,Perished
Crew,Adult,Male,Perished
Crew,Adult,Male,Perished
Crew,Adult,Male,Perished
Crew,Adult,Male,Perished
Crew,Adult,Male,Perished
Crew,Adult,Male,Perished
Crew,Adult,Male,Perished
Crew,Adult,Male,Perished
Crew,Adult,Male,Perished
Crew,Adult,Male,Perished
Crew,Adult,Male,Perished
Crew,Adult,Male,Perished
Crew,Adult,Male,Perished
Crew,Adult,Male,Perished
Crew,Adult,Male,Perished
Crew,Adult,Male,Perished
Crew,Adult,Male,Perished
Crew,Adult,Male,Perished
Crew,Adult,Male,Perished
Crew,Adult,Male,Perished
Crew,Adult,Male,Perished
Crew,Adult,Male,Perished
Crew,Adult,Male,Perished
Crew,Adult,Male,Perished
Crew,Adult,Male,Perished
Crew,Adult,Male,Perished
Crew,Adult,Male,Perished
Crew,Adult,Male,Perished
Crew,Adult,Male,Perished
Crew,Adult,Male,Perished
Crew,Adult,Male,Perished
Crew,Adult,Male,Perished
Crew,Adult,Male,Perished
Crew,Adult,Male,Perished
Crew,Adult,Male,Perished
Crew,Adult,Male,Perished
Crew,Adult,Male,Perished
Crew,Adult,Male,Perished
Crew,Adult,Male,Perished
Crew,Adult,Male,Perished
Crew,Adult,Male,Perished
Crew,Adult,Male,Perished
Crew,Adult,Male,Perished
Crew,Adult,Male,Perished
Crew,Adult,Male,Perished
Crew,Adult,Male,Perished
Crew,Adult,Male,Perished
Crew,Adult,Male,Perished
Crew,Adult,Male,Perished
Crew,Adult,Male,Perished
Crew,Adult,Male,Perished
Crew,Adult,Male,Perished
Crew,Adult,Male,Perished
Crew,Adult,Male,Perished
Crew,Adult,Male,Perished
Crew,Adult,Male,Perished
Crew,Adult,Male,Perished
Crew,Adult,Male,Perished
Crew,Adult,Male,Perished
Crew,Adult,Male,Perished
Crew,Adult,Male,Perished
Crew,Adult,Male,Perished
Crew,Adult,Male,Perished
Crew,Adult,Male,Perished
Crew,Adult,Male,Perished
Crew,Adult,Male,Perished
Crew,Adult,Male,Perished
Crew,Adult,Male,Perished
Crew,Adult,Male,Perished
Crew,Adult,Male,Perished
Crew,Adult,Female,Survived
Crew,Adult,Female,Survived
Crew,Adult,Female,Survived
Crew,Adult,Female,Survived
Crew,Adult,Female,Survived
Crew,Adult,Female,Survived
Crew,Adult,Female,Survived
Crew,Adult,Female,Survived
Crew,Adult,Female,Survived
Crew,Adult,Female,Survived
Crew,Adult,Female,Survived
Crew,Adult,Female,Survived
Crew,Adult,Female,Survived
Crew,Adult,Female,Survived
Crew,Adult,Female,Survived
Crew,Adult,Female,Survived
Crew,Adult,Female,Survived
Crew,Adult,Female,Survived
Crew,Adult,Female,Survived
Crew,Adult,Female,Survived
Crew,Adult,Female,Perished
Crew,Adult,Female,Perished
Crew,Adult,Female,Perished
